Title,URL,Published at,Positive interestingness,Positive negative coefficient,Total interestingness,Views,Likes,Dislikes,Comments,Total reaction,Global buzz index
MES ABONNÉS SONT DES PERVERS ?!,https://www.youtube.com/watch?v=0SgAJLLlDp4,2016-09-18 16:00:02,0.1720,356229.0000,0.1782,2070830,356229,0,12890,369119,764382698770
CHOQUER UN ABONNÉ !!,https://www.youtube.com/watch?v=_HAGYTbxVtQ,2016-08-31 16:00:01,0.1605,269947.0000,0.1641,1681886,269947,0,6061,276008,464213991088
Sorry my bad 😔😔,https://www.youtube.com/watch?v=re3CXg_W-yA,2024-01-10 17:55:03,0.1352,141074.0000,0.1356,1043215,141074,0,399,141473,147586755695
Simple best magic trick 😱  @Donovan_magicien,https://www.youtube.com/watch?v=7ydTTE7fVZs,2024-01-06 17:09:57,0.1350,63081.0000,0.1354,467389,63081,0,216,63297,29584321533
ENTRAINEMENT HARDCORE AVEC IbraTV !!,https://www.youtube.com/watch?v=BSyqrZON8Hw,2017-03-19 17:00:02,0.1313,496222.0000,0.1340,3778838,496222,0,10007,506229,1912957381902
CE LIVRE EST SCANDALEUX !!,https://www.youtube.com/watch?v=wtbpNDaZ4mM,2016-11-04 17:00:02,0.0800,313964.0000,0.1332,3923377,313964,0,208813,522777,2051051257929
Day 71/365 one more push-up everyday during 1 year !! 🔥,https://www.youtube.com/watch?v=xoZ-P1J4F18,2025-03-12 15:34:29,0.1156,5449.0000,0.1316,47133,5449,0,754,6203,292365999
ELLE DOIT PERDRE 70KG !!,https://www.youtube.com/watch?v=fb78tmARO64,2017-12-09 17:01:15,0.1219,129655.0000,0.1252,1063537,129655,0,3457,133112,141569537144
MES PHOTOS LES PLUS SCANDALEUSES !!,https://www.youtube.com/watch?v=hANpdbcs5fs,2016-09-12 16:00:01,0.1226,264791.0000,0.1250,2159956,264791,0,5309,270100,583404115600
Worst nightmare 😱😱,https://www.youtube.com/watch?v=HmfhLdkiLLY,2024-01-13 09:39:11,0.1232,51861.0000,0.1237,420852,51861,0,206,52067,21912501084
Never mock !! 😱😱,https://www.youtube.com/watch?v=KQSnWn9Ih5k,2024-06-09 13:33:37,0.1233,365969.0000,0.1234,2969122,365969,0,493,366462,1088070386364
Day 20/365 push-up challenge ! 🔥,https://www.youtube.com/watch?v=27LxxTRae_M,2025-01-20 16:57:54,0.1219,6876.0000,0.1231,56426,6876,0,68,6944,391822144
Day 2/365 push-up challenge !! 😱,https://www.youtube.com/watch?v=Z9AAB1VgkQM,2025-01-03 15:58:45,0.1212,7295.0000,0.1219,60184,7295,0,44,7339,441690376
We all start somewhere !! 🙏,https://www.youtube.com/watch?v=Fo0QPyDlER4,2024-07-17 12:03:35,0.1183,474780.0000,0.1186,4011854,474780,0,1087,475867,1909108927418
ILS ONT 1 AN POUR MAIGRIR !!,https://www.youtube.com/watch?v=NpMwWY0YGE8,2017-09-05 16:04:07,0.1082,206482.0000,0.1184,1907495,206482,0,19442,225924,430948900380
LA PEUR DE MA VIE SAUT À L'ÉLASTIQUE EXTRÊME !!,https://www.youtube.com/watch?v=RiX72LP1xKQ,2021-10-26 16:00:18,0.1134,143137.0000,0.1175,1262282,143137,0,5144,148281,187172437242
One more subscriber !! 😱,https://www.youtube.com/watch?v=F2Mt4jjMJks,2024-08-28 11:55:45,0.1157,28996.0000,0.1168,250545,28996,0,257,29253,7329192885
Day 46/365 one more push-up everyday during one year !! 🔥,https://www.youtube.com/watch?v=DlWvgixbHiU,2025-02-15 18:44:24,0.1142,10712.0000,0.1156,93797,10712,0,132,10844,1017134668
Respecting others !! 😱😱,https://www.youtube.com/watch?v=LGxPArZjz7I,2024-04-07 10:29:52,0.1152,69563.0000,0.1155,603593,69563,0,162,69725,42085521925
MON NOUVEAU LOCAL DE 1600m2 !!,https://www.youtube.com/watch?v=2-MLm9AgcxU,2021-03-02 17:01:18,0.1111,104339.0000,0.1151,939526,104339,0,3794,108133,101593764958
Never disrespect beginners ! 🙏,https://www.youtube.com/watch?v=Kg1JiS4xP5g,2024-08-27 15:17:35,0.1140,51343.0000,0.1146,450514,51343,0,272,51615,23253280110
Are you ok ??? 😱😱😱,https://www.youtube.com/watch?v=64-pamExzqw,2024-01-27 10:01:35,0.1120,509548.0000,0.1125,4549296,509548,0,2060,511608,2327456227968
ARRÊTER LA MUSCU !!,https://www.youtube.com/watch?v=ne4yQ3WQtLo,2016-03-20 17:00:46,0.1095,96189.0000,0.1120,878745,96189,0,2213,98402,86470265490
Nice cat !! 😂😂,https://www.youtube.com/watch?v=qeEapAzyfAM,2024-02-12 15:43:45,0.1115,699772.0000,0.1118,6275633,699772,0,1769,701541,4402613850453
Day 29/365 push-up challenge ! 🔥,https://www.youtube.com/watch?v=Z8utCoA7CjI,2025-01-29 18:11:32,0.1091,5469.0000,0.1116,50109,5469,0,124,5593,280259637
Girl power !! 😂😂,https://www.youtube.com/watch?v=dKV2u2HVeko,2024-03-01 15:45:21,0.1112,72895.0000,0.1115,655337,72895,0,157,73052,47873678524
Day 9/365 push-ups challenge !! 🔥,https://www.youtube.com/watch?v=LLtcPuoUeyA,2025-01-09 11:44:55,0.1102,5993.0000,0.1114,54395,5993,0,69,6062,329742490
LE PIRE PLACEMENT DE PRODUIT !!!!,https://www.youtube.com/watch?v=7MtsapjBI0o,2016-08-16 16:07:43,0.1071,173754.0000,0.1111,1621605,173754,0,6360,180114,292073762970
Day 24/365 push-up challenge !! 🙏,https://www.youtube.com/watch?v=chOOb2rNino,2025-01-24 11:32:56,0.1099,6592.0000,0.1110,59963,6592,0,64,6656,399113728
ma terrible addiction...,https://www.youtube.com/watch?v=us2_Y0OMTH8,2017-04-30 16:00:01,0.1050,251165.0000,0.1107,2393118,251165,0,13747,264912,633965675616
CHOQUANTE TRANSFORMATION AVANT APRÈS !!,https://www.youtube.com/watch?v=1uG0ztvx0Hs,2016-10-29 16:00:05,0.1041,557778.0000,0.1107,5359761,557778,0,35449,593227,3179554938747
Never make fun of beginners !! 🙏,https://www.youtube.com/watch?v=so5xXfVP5eE,2024-10-26 09:37:01,0.1102,158353.0000,0.1105,1436625,158353,0,338,158691,227979457875
Day 38/365 push-up challenge in spanish !! 🇪🇸,https://www.youtube.com/watch?v=MMQFdSMVHBc,2025-02-07 18:27:38,0.1040,6490.0000,0.1104,62383,6490,0,397,6887,429631721
Put down your phone !! 🙏,https://www.youtube.com/watch?v=V9-ZcfBls7s,2024-10-19 14:48:38,0.1097,100283.0000,0.1103,914562,100283,0,623,100906,92284793172
MES RESOLUTIONS 2016,https://www.youtube.com/watch?v=UTKGBlirePk,2016-01-01 17:08:49,0.1048,72618.0000,0.1088,692786,72618,0,2749,75367,52213202462
School 😂😂,https://www.youtube.com/watch?v=ecML4x7LKFE,2023-12-07 10:51:52,0.1079,413388.0000,0.1085,3832718,413388,0,2458,415846,1593820449428
Push up level !! 😱😱,https://www.youtube.com/watch?v=ClIgUObG9n0,2024-07-19 15:46:20,0.1077,64912.0000,0.1083,602807,64912,0,399,65311,39369927977
Stay humble !! 🙏,https://www.youtube.com/watch?v=c_GE_Kv7JKo,2024-10-15 16:28:39,0.1079,136162.0000,0.1082,1262396,136162,0,451,136613,172459704748
Squat fail 😂😂,https://www.youtube.com/watch?v=_Ktw3Vvk0DY,2024-01-08 11:30:25,0.1074,219828.0000,0.1076,2046370,219828,0,295,220123,450453103510
Cette vidéo est importante…,https://www.youtube.com/watch?v=0wPMLCfs7IY,2017-11-06 17:00:36,0.1032,178759.0000,0.1075,1732385,178759,0,7545,186304,322750255040
Day 25/365 push-up challenge ! 😱,https://www.youtube.com/watch?v=Kf-kWqCbncI,2025-01-25 11:59:47,0.1065,7275.0000,0.1075,68305,7275,0,66,7341,501427005
Day 10/365 push-ups challenge !! 🔥,https://www.youtube.com/watch?v=Dt6A5p5hzTI,2025-01-10 12:49:50,0.1061,6508.0000,0.1072,61334,6508,0,67,6575,403271050
PROCRASTINATION !!!,https://www.youtube.com/watch?v=BkzY1YBwcT4,2016-03-25 17:05:27,0.1009,83815.0000,0.1070,830477,83815,0,5026,88841,73780407157
Day 67/365 one more push-up everyday during 1 year ! 🔥,https://www.youtube.com/watch?v=Geq0BYfsOv4,2025-03-08 17:46:06,0.1009,4794.0000,0.1068,47525,4794,0,284,5078,241331950
VIRÉ DE MON BOULOT !! (on parle argent et job d'été),https://www.youtube.com/watch?v=cTyFN1-7plM,2021-08-17 16:02:41,0.1035,64341.0000,0.1064,621814,64341,0,1820,66161,41139836054
VOS QUESTIONS EMBARRASSANTES !!,https://www.youtube.com/watch?v=R1dy0tj0iZ8,2016-10-18 16:00:02,0.1003,318712.0000,0.1063,3176071,318712,0,19024,337736,1072673515256
Unlucky !!! 😔😔,https://www.youtube.com/watch?v=PksUecyUlWA,2025-02-06 11:30:45,0.1058,7540.0000,0.1063,71296,7540,0,40,7580,540423680
Worst pain ever !! 😱😱,https://www.youtube.com/watch?v=Bqoz38oWnwo,2024-12-08 11:27:14,0.1055,22456.0000,0.1063,212765,22456,0,158,22614,4811467710
Me in public !! 😂😂😂,https://www.youtube.com/watch?v=A4ZX0ZFb7a0,2024-02-05 18:02:42,0.1049,95084.0000,0.1060,906002,95084,0,968,96052,87023304104
Day 41/365 challenge one more push-up everyday during 365 days !! 🔥,https://www.youtube.com/watch?v=DQQs93KIdUo,2025-02-10 17:31:12,0.1050,6912.0000,0.1059,65814,6912,0,59,6971,458789394
Home VS Gym !! 😱😱,https://www.youtube.com/watch?v=kswivHHuh-I,2024-11-24 12:24:31,0.1056,110570.0000,0.1059,1046922,110570,0,281,110851,116052350622
Day 74/365 one more push-up everyday during 1 year !! 🙏,https://www.youtube.com/watch?v=pJQJbTPd_jU,2025-03-15 17:12:55,0.0815,5464.0000,0.1054,67025,5464,0,1599,7063,473397575
ARRÊTEZ CES PERSONNES ! (je réagis aux pires vidéos fail),https://www.youtube.com/watch?v=u9emj6mgYcY,2020-10-06 16:02:38,0.1040,213615.0000,0.1051,2053026,213615,0,2123,215738,442915723188
Day 17/365 push-up challenge !! 🔥,https://www.youtube.com/watch?v=OXyo9MkHVpQ,2025-01-17 12:01:12,0.1024,6376.0000,0.1050,62280,6376,0,161,6537,407124360
I quit !! 😂😂,https://www.youtube.com/watch?v=xRqf-Aj_I6Y,2024-06-20 16:05:06,0.1044,235683.0000,0.1046,2257429,235683,0,391,236074,532920293746
I'm rude !! 😂😂,https://www.youtube.com/watch?v=OK5SS7z9bKU,2024-09-10 10:37:55,0.1021,22403.0000,0.1046,219482,22403,0,549,22952,5037550864
Celebrating my 1st subscriber !! 😱😱,https://www.youtube.com/watch?v=_CWRkmidJ9Q,2024-10-01 12:15:30,0.1033,13377.0000,0.1046,129497,13377,0,162,13539,1753259883
The best home workout !! 🙏,https://www.youtube.com/watch?v=1MCuU-VHT1E,2025-02-11 11:28:39,0.1031,5542.0000,0.1045,53769,5542,0,76,5618,302074242
Push ups level !! 😱😱,https://www.youtube.com/watch?v=VslyWyGZTPI,2024-09-17 13:08:41,0.1039,74100.0000,0.1044,713236,74100,0,358,74458,53106126088
Couple VS iPhone 😔😔 @jujufitcats,https://www.youtube.com/watch?v=W24cp3xnOrw,2024-01-01 11:04:06,0.1040,679403.0000,0.1044,6530646,679403,0,2128,681531,4450837699026
Stupid boy !! 😂😂😂,https://www.youtube.com/watch?v=7Xew_sSugio,2024-01-28 10:00:04,0.1037,155695.0000,0.1041,1501906,155695,0,702,156397,234893592682
Day 77/365 One more push-up everyday during 1 year ! 🔥,https://www.youtube.com/watch?v=aNv9lyh0-Hs,2025-03-18 16:08:20,0.1012,5198.0000,0.1040,51366,5198,0,145,5343,274448538
VOUS ALLEZ ÊTRE CHOQUÉ ! (extrême transformation),https://www.youtube.com/watch?v=CN8qfZ3Rbzw,2019-11-08 17:01:59,0.1017,136458.0000,0.1040,1341774,136458,0,3059,139517,187200283158
Sad generation.. 😔😔,https://www.youtube.com/watch?v=OZO8QfUy4Oc,2024-04-12 10:29:04,0.1035,25580.0000,0.1039,247257,25580,0,106,25686,6351043302
Gym bro ! 😂😂 @antoinedelp,https://www.youtube.com/watch?v=2FNGXiNol-o,2024-06-16 11:10:16,0.1034,393704.0000,0.1039,3808739,393704,0,1907,395611,1506779044529
Start of a friendship ! 😂😂,https://www.youtube.com/watch?v=tbT7gzME6JQ,2024-02-17 13:00:42,0.1029,375578.0000,0.1032,3649954,375578,0,1053,376631,1374685824974
20 MILLIONS SUBSCRIBERS !! 😱😱,https://www.youtube.com/watch?v=pAJHHC66d-c,2024-06-15 09:51:15,0.1013,137468.0000,0.1032,1356886,137468,0,2513,139981,189938259166
How to use chopsticks ? 😂😂,https://www.youtube.com/watch?v=ba_nffo0LPI,2024-03-06 12:16:49,0.1023,51871.0000,0.1032,507196,51871,0,447,52318,26535480328
LA VILLE DE MON ENFANCE !,https://www.youtube.com/watch?v=DJIP8ppilSI,2021-01-29 17:00:39,0.0990,87252.0000,0.1031,881039,87252,0,3603,90855,80046798345
Pull up level ! 😱,https://www.youtube.com/watch?v=Si2vghkKnC4,2024-03-24 12:47:39,0.1024,47546.0000,0.1031,464093,47546,0,290,47836,22200352748
Amazing view 😍 @jujufitcats,https://www.youtube.com/watch?v=xFEsauw-cTc,2024-01-04 18:48:42,0.1023,106797.0000,0.1028,1043575,106797,0,515,107312,111988120400
Goku workout !! 😱😱,https://www.youtube.com/watch?v=kpfaFkPvX_c,2024-12-23 18:09:19,0.1020,11344.0000,0.1028,111205,11344,0,88,11432,1271295560
Trust the process ! 🙏,https://www.youtube.com/watch?v=gq3xvlP69F0,2024-10-11 15:06:33,0.1020,27465.0000,0.1028,269159,27465,0,199,27664,7446014576
Dreaming 😱😱😱,https://www.youtube.com/watch?v=dgBhK4a-dpU,2023-12-17 12:45:13,0.1022,413111.0000,0.1026,4041247,413111,0,1670,414781,1676232471907
2024 Expectation vs Reality 😔😔,https://www.youtube.com/watch?v=Se8LGQ5n8jg,2024-02-07 11:14:13,0.1021,151078.0000,0.1025,1479589,151078,0,608,151686,224432937054
Day 72/365 one more push-up everyday during 1 year ! 🔥,https://www.youtube.com/watch?v=JhIBlOsqIJE,2025-03-13 18:25:05,0.0978,4172.0000,0.1022,42638,4172,0,186,4358,185816404
Day 65/365 One more push-up everyday during 1 year ! 🔥,https://www.youtube.com/watch?v=1F_k-I-_GTk,2025-03-06 11:21:11,0.0950,4421.0000,0.1020,46559,4421,0,330,4751,221201809
Day 64/365 one more push-up everyday during 1 year !! 🔥,https://www.youtube.com/watch?v=_U2u68fE5U8,2025-03-05 11:23:36,0.0979,5599.0000,0.1019,57165,5599,0,225,5824,332928960
Day 14/365 push-up challenge ! 😱,https://www.youtube.com/watch?v=et0KKeiXTsI,2025-01-14 12:07:09,0.1008,4446.0000,0.1019,44098,4446,0,46,4492,198088216
TIBO INSHAPE - EXTRÊME MOTIVATION,https://www.youtube.com/watch?v=eajW6hZz_6c,2018-09-25 15:32:29,0.0945,219156.0000,0.1018,2318091,219156,0,16771,235927,546900255357
WANNA WORK THESE ? DO THIS ! 🔥 (build muscle with dumbbell at home),https://www.youtube.com/watch?v=7JHY9q2QRyw,2025-02-09 10:06:43,0.1005,5078.0000,0.1017,50552,5078,0,64,5142,259938384
Day 30/365 push-up challenge ! 🔥,https://www.youtube.com/watch?v=XbkyLaF2Ais,2025-01-30 18:02:59,0.0990,6319.0000,0.1016,63849,6319,0,165,6484,413996916
Sad generation.. 😔😔,https://www.youtube.com/watch?v=zIgmiS9Z_ss,2024-07-10 15:30:46,0.1008,62166.0000,0.1015,616907,62166,0,435,62601,38618995107
Day 28/365 push-up challenge ! 🔥,https://www.youtube.com/watch?v=OCL8aBz46wg,2025-01-28 15:28:31,0.1005,11565.0000,0.1014,115074,11565,0,108,11673,1343258802
How to build muscles with no equipment at home ?! 😱😱,https://www.youtube.com/watch?v=VfV7F9t1ozM,2025-02-09 13:13:52,0.1001,6754.0000,0.1014,67486,6754,0,88,6842,461739212
Never skip leg day ! 😱😱,https://www.youtube.com/watch?v=yGFw3mqJUuo,2024-04-06 12:38:21,0.1012,248612.0000,0.1014,2456442,248612,0,431,249043,611759685006
Me trying to workout at home !! 😂😂,https://www.youtube.com/watch?v=b31tdzjcowk,2024-09-13 12:24:08,0.1004,165601.0000,0.1014,1648674,165601,0,1518,167119,275524750206
The best Therapist !! 😂😂,https://www.youtube.com/watch?v=kbNPbO_Pv20,2024-11-02 19:14:35,0.1006,14438.0000,0.1013,143558,14438,0,106,14544,2087907552
When someone smoking !! 😱😱😱,https://www.youtube.com/watch?v=8vCGjBHVHXc,2024-04-14 16:02:47,0.1003,85830.0000,0.1013,855700,85830,0,851,86681,74172931700
Day 43/365 one more push-up everyday during 1 year !! 🔥,https://www.youtube.com/watch?v=TkupstnkSQw,2025-02-12 16:38:39,0.0968,9144.0000,0.1010,94489,9144,0,398,9542,901614038
Day 34/365 push-up challenge !! 😱,https://www.youtube.com/watch?v=53yJwFq1otk,2025-02-03 17:36:56,0.0995,7189.0000,0.1009,72223,7189,0,100,7289,526433447
Day 48/365 one more push-up everyday during 1 year !! 🙏,https://www.youtube.com/watch?v=YI9i-HffoLw,2025-02-17 18:35:30,0.0991,7920.0000,0.1009,79907,7920,0,143,8063,644290141
JE SUIS UN PETIT CHAT !!,https://www.youtube.com/watch?v=Eg1l1vXk5kk,2019-03-06 15:18:37,0.0960,141733.0000,0.1008,1476949,141733,0,7103,148836,219823181364
The perfect deadlift !! 😱😱,https://www.youtube.com/watch?v=tSM-MAl80as,2024-03-25 16:40:20,0.1002,21033.0000,0.1007,209885,21033,0,103,21136,4436129360
Day 3/365 push-up challenge !! 😱,https://www.youtube.com/watch?v=VqyZAw6Bv1o,2025-01-03 15:58:56,0.0996,9074.0000,0.1007,91096,9074,0,96,9170,835350320
UNE HISTOIRE INCROYABLE !!,https://www.youtube.com/watch?v=WrWzQOQrfGE,2016-02-07 17:00:29,0.0911,169625.0000,0.1007,1861637,169625,0,17755,187380,348833541060
Celebrating my 10th subscriber !! 🤩🥳,https://www.youtube.com/watch?v=FpAMR2VgzWc,2024-10-04 14:18:02,0.0999,30844.0000,0.1006,308881,30844,0,244,31088,9602492528
LA MEILLEURE BORNE ARCADE DU MONDE !!,https://www.youtube.com/watch?v=PSj2gLLgLHk,2021-05-04 16:00:41,0.0985,54228.0000,0.1006,550670,54228,0,1142,55370,30490597900
Abs workout at home !! 😱😱,https://www.youtube.com/watch?v=MRr9PFFR74A,2024-04-23 10:00:16,0.1003,102958.0000,0.1005,1026623,102958,0,255,103213,105960839699
Best exercises for 3D shoulders !! 😱😱,https://www.youtube.com/watch?v=50KmbfeYAb4,2024-11-14 11:05:13,0.0998,9123.0000,0.1003,91377,9123,0,46,9169,837835713
Day 76/365 One more push-up everyday during 1 year !! 🔥,https://www.youtube.com/watch?v=IPlAgSUBZu0,2025-03-17 15:24:08,0.0965,3651.0000,0.1003,37835,3651,0,142,3793,143508155
Sad reality !! 😔😔,https://www.youtube.com/watch?v=hwbZKZ0AH-g,2024-04-13 10:28:55,0.0998,118489.0000,0.1002,1187714,118489,0,566,119055,141403290270
LA VÉRITÉ TOUTE LA VÉRITÉ,https://www.youtube.com/watch?v=Yd5DdthnseI,2022-08-20 16:00:58,0.0972,87576.0000,0.1002,900631,87576,0,2689,90265,81295457215
Get abs in 2 weeks ! Abs workout challenge ! 🔥,https://www.youtube.com/watch?v=_TRmIKa9mco,2024-10-20 15:23:19,0.0996,8357.0000,0.1002,83880,8357,0,47,8404,704927520
The greatest compliment !! 😂😂,https://www.youtube.com/watch?v=qqy44LpmY-Q,2024-09-04 10:10:00,0.0997,24865.0000,0.1001,249313,24865,0,81,24946,6219362098
Day 22/365 push-ups challenge with firefighter !! 🙏,https://www.youtube.com/watch?v=3IqvfvihPVI,2025-01-22 12:41:57,0.0992,10534.0000,0.1000,106138,10534,0,82,10616,1126761008
How to find a parking spot !! 😂😂,https://www.youtube.com/watch?v=Cd700JiOaG0,2024-04-25 14:00:06,0.0998,225273.0000,0.1000,2257310,225273,0,436,225709,509495182790
POURQUOI J'AI VRAIMENT COMMENCÉ LA MUSCULATION ?,https://www.youtube.com/watch?v=me_J8whcRGA,2015-09-21 16:41:51,0.0957,95415.0000,0.0998,997152,95415,0,4094,99509,99225598368
I'm poor !! 😔😔,https://www.youtube.com/watch?v=DI_NMcCxqmQ,2024-05-04 16:13:22,0.0994,270718.0000,0.0997,2722425,270718,0,777,271495,739124775375
PARLONS POLITIQUE !!,https://www.youtube.com/watch?v=Mf_D8Uj6WMc,2025-01-03 17:01:52,0.0910,125343.0000,0.0996,1376925,125343,0,11857,137200,188914110000
iPhone battery 1% 😱😱,https://www.youtube.com/watch?v=x-ap9AIqm-w,2024-01-18 18:10:13,0.0989,74762.0000,0.0995,756234,74762,0,506,75268,56920220712
My baby ! 😂😂,https://www.youtube.com/watch?v=41dty3-dCgU,2024-03-22 16:09:40,0.0991,91372.0000,0.0995,922316,91372,0,378,91750,84622493000
ÉPREUVE FORT BOYARD EXTRÊME ! (avec NEOXI),https://www.youtube.com/watch?v=pPS7kzLyS9s,2021-02-23 17:41:22,0.0972,86076.0000,0.0994,885364,86076,0,1942,88018,77927968552
Lonely !! 💔😔,https://www.youtube.com/watch?v=HNKF_bOpGjY,2024-06-25 17:56:23,0.0982,368681.0000,0.0993,3752674,368681,0,4064,372745,1398790470130
Protein shake !! 😂😂,https://www.youtube.com/watch?v=gFGg2XtTDVk,2024-07-14 15:17:32,0.0990,182324.0000,0.0992,1841178,182324,0,397,182721,336421885338
Respect fat people at the gym !! 🙏,https://www.youtube.com/watch?v=ho7aCjBsduo,2024-11-21 11:39:55,0.0986,15667.0000,0.0992,158849,15667,0,90,15757,2502983693
Perfect legs workout at home ! 😱😱,https://www.youtube.com/watch?v=B42J3sAx9Bk,2024-04-04 15:55:57,0.0988,57615.0000,0.0991,582962,57615,0,132,57747,33664306614
Dog !! 😱😱😱,https://www.youtube.com/watch?v=hQgc-JnugRw,2024-03-11 11:53:28,0.0988,479952.0000,0.0990,4858980,479952,0,1134,481086,2337587252280
Redbull normal VS psychopath 😂😂😂,https://www.youtube.com/watch?v=cd4K8Za0ZUw,2024-01-24 11:00:36,0.0984,369172.0000,0.0989,3750130,369172,0,1676,370848,1390728210240
Day 55/365 one more push-up everyday during 1 year ! 🔥,https://www.youtube.com/watch?v=dei05csr7P4,2025-02-24 18:39:35,0.0726,5195.0000,0.0988,71530,5195,0,1869,7064,505287920
Day 68/365 one more push-up everyday during 1 year ! 🔥,https://www.youtube.com/watch?v=37vkbs0MaaY,2025-03-09 15:20:41,0.0926,3612.0000,0.0987,39000,3612,0,238,3850,150150000
Weight loss motivation !! 😱😱,https://www.youtube.com/watch?v=sSaUZw3GG_s,2024-06-19 14:18:13,0.0983,117862.0000,0.0987,1199581,117862,0,557,118419,142053182439
SON COMBAT CONTRE LA MALADIE !!,https://www.youtube.com/watch?v=Xf4aBpUlmqk,2016-04-22 16:00:28,0.0905,90854.0000,0.0985,1003943,90854,0,8060,98914,99304017902
Alone 🙏,https://www.youtube.com/watch?v=AjRCTyjpQ_M,2024-10-12 16:25:56,0.0973,35421.0000,0.0985,363912,35421,0,414,35835,13040786520
Traffic song 😂😂,https://www.youtube.com/watch?v=IcnFrOBmXbk,2024-01-12 19:16:45,0.0975,27956.0000,0.0980,286584,27956,0,128,28084,8048425056
Water bottle !! 😱😱,https://www.youtube.com/watch?v=ud8g2asDP-A,2024-05-14 14:13:36,0.0976,160605.0000,0.0979,1645183,160605,0,403,161008,264887624464
End of the day !! 😂😂,https://www.youtube.com/watch?v=jYR6RUq7MDw,2024-09-22 11:23:23,0.0976,172857.0000,0.0978,1770768,172857,0,403,173260,306803263680
Day 19/365 push-ups challenge ! 🙏,https://www.youtube.com/watch?v=u0daWpzhySc,2025-01-19 12:35:23,0.0928,10491.0000,0.0978,113028,10491,0,567,11058,1249863624
Stay natural !! 🙏,https://www.youtube.com/watch?v=PonQ6VSCTkU,2024-12-07 11:10:50,0.0971,8579.0000,0.0978,88381,8579,0,63,8642,763788602
Motivation VS Discipline !! 🙏,https://www.youtube.com/watch?v=DR5YfFI7DbE,2025-01-25 17:17:09,0.0969,6451.0000,0.0975,66563,6451,0,41,6492,432126996
Day 12/365 push-ups challenge ! 🔥,https://www.youtube.com/watch?v=zMlNXVrvdgw,2025-01-12 10:01:35,0.0944,7885.0000,0.0975,83524,7885,0,261,8146,680386504
Healthy food is not boring !! 😱😱,https://www.youtube.com/watch?v=42jqgryH0Uc,2024-04-25 10:21:23,0.0972,62846.0000,0.0975,646476,62846,0,196,63042,40755139992
Nice deadlift !! 😱😱,https://www.youtube.com/watch?v=AF142uzKDYU,2025-01-29 11:19:01,0.0970,10418.0000,0.0974,107366,10418,0,40,10458,1122833628
Never give up !! 🙏,https://www.youtube.com/watch?v=NZtx-_BuA3A,2024-05-24 14:36:24,0.0969,444837.0000,0.0974,4589522,444837,0,1978,446815,2050667272430
Protein !! 😂😂,https://www.youtube.com/watch?v=gZ_ZC9YCt9A,2024-07-16 15:39:01,0.0965,116334.0000,0.0972,1205150,116334,0,837,117171,141208630650
Day 6/365 push-ups challenge !! 😱🔥,https://www.youtube.com/watch?v=7Vo-czvjhyk,2025-01-06 10:50:28,0.0955,9409.0000,0.0969,98549,9409,0,144,9553,941438597
Home workout !! 😱😱,https://www.youtube.com/watch?v=-3VlctscyZk,2024-07-20 13:46:25,0.0966,171375.0000,0.0968,1774700,171375,0,412,171787,304870388900
Smoking !! 😱😱,https://www.youtube.com/watch?v=t7WOrb_sEek,2024-06-21 10:11:08,0.0965,402786.0000,0.0967,4174718,402786,0,936,403722,1685425500396
Gym problem 😂😂,https://www.youtube.com/watch?v=NRRJyiOv_sA,2023-12-02 12:53:04,0.0965,743434.0000,0.0967,7700211,743434,0,1177,744611,5733661812921
Life after 30 years old !! 😂😂,https://www.youtube.com/watch?v=20UBCxl-w78,2024-06-06 16:28:48,0.0965,932310.0000,0.0966,9659467,932310,0,1270,933580,9017885201860
My cat !! 😭😭😭,https://www.youtube.com/watch?v=SPX9hhrrrcA,2024-03-10 14:32:12,0.0964,738175.0000,0.0966,7661158,738175,0,1664,739839,5668023473562
Fake VS Real friend !! 😂😂,https://www.youtube.com/watch?v=-TaUXY8F_zs,2024-04-08 16:50:47,0.0964,238038.0000,0.0965,2469116,238038,0,286,238324,588449601584
Day 15/365 push-ups challenge with my sister !! 😱,https://www.youtube.com/watch?v=AEWrUSftG9w,2025-01-15 13:30:41,0.0954,8397.0000,0.0964,87975,8397,0,82,8479,745940025
Build bigger forearms at home !! 😱😱,https://www.youtube.com/watch?v=42MV2HIeRRg,2025-02-28 11:12:38,0.0959,10423.0000,0.0963,108632,10423,0,36,10459,1136182088
Respect gym beginners !! 🙏,https://www.youtube.com/watch?v=gsMyTXycHGY,2025-02-04 16:22:20,0.0957,9269.0000,0.0962,96814,9269,0,48,9317,902016038
I forgot my AirPods at home ! 😢,https://www.youtube.com/watch?v=Jo8PdQD3ipQ,2024-06-13 17:29:20,0.0960,267479.0000,0.0962,2787583,267479,0,679,268158,747512682114
Dangerous cat !! 😂😂,https://www.youtube.com/watch?v=bQwM9CUfVlg,2024-10-30 16:54:20,0.0952,11551.0000,0.0961,121280,11551,0,106,11657,1413760960
Wake up !! 😱😱,https://www.youtube.com/watch?v=ASdac71GOYk,2025-01-06 16:47:07,0.0954,17648.0000,0.0960,184992,17648,0,117,17765,3286382880
My car !! 😱😱,https://www.youtube.com/watch?v=wWUiueZdzgg,2024-06-18 15:00:52,0.0956,62461.0000,0.0960,653263,62461,0,263,62724,40975268412
Filming at the gym evolution ! 😂😂,https://www.youtube.com/watch?v=9LnwilgeMYo,2024-08-30 18:09:40,0.0956,37181.0000,0.0960,388950,37181,0,141,37322,14516391900
NINJA WARRIOR GÉANT AVEC LEBOUSEUH !,https://www.youtube.com/watch?v=09HzMJTRN_k,2020-08-07 16:04:37,0.0939,256812.0000,0.0959,2733604,256812,0,5314,262126,716548682104
Strong challenge !! 😱😱,https://www.youtube.com/watch?v=NJbVOnXHEdc,2024-04-16 15:37:41,0.0956,618861.0000,0.0958,6476438,618861,0,1524,620385,4017884988630
Impressive Truck !! 😱😱,https://www.youtube.com/watch?v=Q9Blbz8t7qQ,2024-03-03 12:40:25,0.0953,25038.0000,0.0957,262713,25038,0,109,25147,6606443811
Never judge a book by its cover ! 🙏,https://www.youtube.com/watch?v=VbvIu3W6lMo,2024-09-07 10:12:02,0.0954,39273.0000,0.0957,411592,39273,0,121,39394,16214255248
Kettlebell challenge !! 😂😂,https://www.youtube.com/watch?v=tzy-to08fhM,2024-07-18 12:37:05,0.0951,50533.0000,0.0955,531534,50533,0,227,50760,26980665840
80 JOURS SEUL EN MER ! (tour du monde en bateau),https://www.youtube.com/watch?v=IfxplEphyaI,2021-07-20 16:00:13,0.0942,86288.0000,0.0955,915960,86288,0,1157,87445,80096122200
2020 la pire année de ma vie !! (en vrai ça va),https://www.youtube.com/watch?v=D57gwndOHrM,2020-12-29 17:01:23,0.0904,66977.0000,0.0954,740706,66977,0,3682,70659,52337545254
The perfect deadlift ! 😱,https://www.youtube.com/watch?v=twsoNOnAEtk,2024-02-25 10:02:16,0.0950,55612.0000,0.0953,585440,55612,0,199,55811,32673991840
When the gym closes in 5 minutes !! 😱😱,https://www.youtube.com/watch?v=TwtlC5UVc-s,2024-04-26 14:19:29,0.0947,29296.0000,0.0951,309329,29296,0,109,29405,9095819245
Only introverts will understand !! 😂,https://www.youtube.com/watch?v=XwM0sQXFi7E,2024-06-08 08:50:10,0.0947,65410.0000,0.0950,690972,65410,0,261,65671,45376822212
Run !! 😂😂,https://www.youtube.com/watch?v=geybUyPCNHg,2024-06-22 11:09:04,0.0949,222250.0000,0.0950,2341763,222250,0,223,222473,520979039899
Gymbro ! 🙏,https://www.youtube.com/watch?v=EfOuiZFH4FQ,2024-08-25 10:24:04,0.0947,61761.0000,0.0950,652428,61761,0,209,61970,40430963160
Fix lower back pain !! 😱😱,https://www.youtube.com/watch?v=PhVqlfDDZ18,2024-10-04 15:13:57,0.0944,23574.0000,0.0950,249635,23574,0,134,23708,5918346580
What’s wrong with people ?? 😱😱,https://www.youtube.com/watch?v=0zG_DbVTV6U,2024-09-28 16:21:54,0.0938,11733.0000,0.0949,125116,11733,0,140,11873,1485502268
800 reps full body workout at home !! 😱😱,https://www.youtube.com/watch?v=vza-25mSnYk,2024-03-23 09:22:13,0.0946,36223.0000,0.0949,382992,36223,0,109,36332,13914865344
Get abs in 2 weeks ! Abs workout challenge ! 🔥,https://www.youtube.com/watch?v=w4xb-8BWSIM,2025-03-07 11:10:26,0.0944,6294.0000,0.0948,66675,6294,0,28,6322,421519350
Unboxing 20 million youtube play buttons !! 😱😱,https://www.youtube.com/watch?v=ytQB9Cy3Vfs,2024-09-21 09:18:39,0.0939,93693.0000,0.0948,997699,93693,0,859,94552,94334435848
Cat motivation !! 😂😂,https://www.youtube.com/watch?v=fadmSG3woXg,2024-10-14 10:29:43,0.0943,24785.0000,0.0947,262917,24785,0,123,24908,6548736636
Day 78/365 one more push-up everyday during 1 year ! 🔥,https://www.youtube.com/watch?v=sRrGGCNdnW8,2025-03-19 20:35:54,0.0933,5011.0000,0.0946,53715,5011,0,70,5081,272925915
Turn it off !! 😱😱,https://www.youtube.com/watch?v=lVUnmT1tmgw,2024-06-18 17:59:58,0.0939,16050.0000,0.0945,170979,16050,0,115,16165,2763875535
ROWING CHALLENGE !! 😂😱,https://www.youtube.com/watch?v=u1xoaWob8u0,2024-07-06 10:30:22,0.0941,125211.0000,0.0945,1329919,125211,0,438,125649,167102992431
How to plank best tutorial !! 🙏,https://www.youtube.com/watch?v=1EHVXzAe170,2025-02-24 11:33:58,0.0941,9256.0000,0.0944,98372,9256,0,35,9291,913974252
Neck stretching !! 😱😱,https://www.youtube.com/watch?v=PVGdyVAQR84,2024-04-26 14:51:55,0.0941,45065.0000,0.0943,479133,45065,0,121,45186,21650103738
Youtube Play buttons new goal ! 😱,https://www.youtube.com/watch?v=DxaRilOxh1k,2024-07-17 08:42:58,0.0939,92949.0000,0.0943,989575,92949,0,367,93316,92343180700
Stop ego lifting !! 😱😱,https://www.youtube.com/watch?v=RwPN6iT9DCg,2024-04-05 18:00:32,0.0940,129830.0000,0.0943,1380718,129830,0,361,130191,179757057138
Life in 2024 vs 2016 ! 😔😔,https://www.youtube.com/watch?v=BaVPHWwBoFM,2024-09-19 17:15:52,0.0929,24165.0000,0.0942,260096,24165,0,349,24514,6375993344
Day 61/365 one more push-up everyday during 1 year !! 🔥,https://www.youtube.com/watch?v=X_BpnCIHhsQ,2025-03-02 19:49:51,0.0924,3989.0000,0.0942,43152,3989,0,74,4063,175326576
Fitness 🏋🏻‍♀️😂,https://www.youtube.com/watch?v=EYUfVBRjOG4,2023-10-22 09:16:38,0.0939,264123.0000,0.0941,2813326,264123,0,743,264866,745154404316
Never making fun of a beginner ! 🙏,https://www.youtube.com/watch?v=doBa4wiGtgw,2024-10-27 18:44:32,0.0936,42928.0000,0.0940,458658,42928,0,207,43135,19784212830
Gym evolution !! 😂😂,https://www.youtube.com/watch?v=3yA9qGvglQk,2024-04-08 16:27:14,0.0936,39299.0000,0.0940,419662,39299,0,139,39438,16550629956
Personal trainer !! 😂😂 @AntoineDelp,https://www.youtube.com/watch?v=MFjbrB0nEDQ,2024-07-01 15:34:19,0.0937,250342.0000,0.0938,2671838,250342,0,404,250746,669952691148
When I was a kid !! 😂😂,https://www.youtube.com/watch?v=XRNXgJnFlbk,2024-02-16 11:00:35,0.0927,59984.0000,0.0938,647418,59984,0,724,60708,39303451944
Gym bros relationship ! 🙏,https://www.youtube.com/watch?v=CewnivTmkAc,2024-08-19 18:05:35,0.0935,498525.0000,0.0936,5329604,498525,0,543,499068,2659834809072
Kettlebell challenge !! 😱😱,https://www.youtube.com/watch?v=7RiS4tALa0M,2024-08-07 16:56:21,0.0933,46789.0000,0.0936,501304,46789,0,143,46932,23527199328
Respect your gymbro ! 🙏,https://www.youtube.com/watch?v=v3SAFZvlvPY,2024-08-27 16:44:59,0.0934,102374.0000,0.0936,1095962,102374,0,202,102576,112419398112
Waiting for love 💔,https://www.youtube.com/watch?v=zwcnqsIEUHg,2023-12-30 20:00:08,0.0931,75714.0000,0.0935,813086,75714,0,302,76016,61807545376
VISITEZ MA SALLE DE SPORT ! (25.000€),https://www.youtube.com/watch?v=utMtd2P3A7E,2020-06-05 16:02:36,0.0881,145810.0000,0.0935,1655394,145810,0,8922,154732,256142424408
Best cheater at school !! 😱😱,https://www.youtube.com/watch?v=6ml2sjHS-hU,2024-03-01 16:26:26,0.0933,249397.0000,0.0935,2672539,249397,0,362,249759,667490668101
Something wrong !! 😂😂,https://www.youtube.com/watch?v=WEdpkcghIjk,2024-06-22 13:24:16,0.0923,13841.0000,0.0933,149969,13841,0,151,13992,2098366248
Free protein !! 😂😂,https://www.youtube.com/watch?v=U_j4rXUM668,2024-08-31 11:30:57,0.0928,82838.0000,0.0933,892753,82838,0,422,83260,74330614780
Day 7/365 push-ups challenge !! 😱🔥,https://www.youtube.com/watch?v=W_vfGotxD6Q,2025-01-07 11:11:28,0.0923,6675.0000,0.0932,72354,6675,0,67,6742,487810668
The day after leg day ! 😂,https://www.youtube.com/watch?v=eR1mZx__aDE,2025-03-19 13:20:11,0.0928,42904.0000,0.0932,462128,42904,0,145,43049,19894148272
UNE MUSIQUE AVEC MA SALLE DE SPORT !! (FELCKIN),https://www.youtube.com/watch?v=-8iTMhXVjMA,2017-11-25 17:58:34,0.0915,135460.0000,0.0931,1480065,135460,0,2332,137792,203941116480
Day 36/365 push-up challenge !! 😱,https://www.youtube.com/watch?v=atB62c3vXIA,2025-02-05 17:23:34,0.0919,5709.0000,0.0930,62110,5709,0,67,5776,358747360
Best abs exercises at home !! 😱😱,https://www.youtube.com/watch?v=C2jjbxKKXvc,2024-05-22 13:14:56,0.0927,102176.0000,0.0930,1101698,102176,0,262,102438,112855739724
I need help !! 😂😂😂 @Ironquest,https://www.youtube.com/watch?v=pJwBwliZXrc,2024-02-02 15:10:36,0.0927,254564.0000,0.0930,2745225,254564,0,681,255245,700704955125
Natural athlete ! 😂😂,https://www.youtube.com/watch?v=89HBsv9lbNA,2024-09-01 14:06:47,0.0926,250045.0000,0.0929,2699357,250045,0,626,250671,676650518547
Fitness scam !! 😂😂,https://www.youtube.com/watch?v=VeVKwFeSyZ8,2025-02-17 11:27:50,0.0922,5773.0000,0.0928,62639,5773,0,43,5816,364308424
Day 62/365 one more push-up everyday during 1 year !! 🔥,https://www.youtube.com/watch?v=GV3JGeCLR5s,2025-03-03 19:06:31,0.0908,4213.0000,0.0928,46392,4213,0,93,4306,199763952
POURQUOI VOUS N'AVEZ PAS D'ABDOS !!,https://www.youtube.com/watch?v=xGi_0snZnSI,2016-11-01 17:00:12,0.0901,598862.0000,0.0928,6647841,598862,0,17824,616686,4099630474926
Who is it ?? 😂😂😂,https://www.youtube.com/watch?v=hSTES1x5Wlc,2024-01-19 11:00:42,0.0923,260659.0000,0.0927,2823900,260659,0,1230,261889,739548347100
motivation VS discipline !! 🙏🙏,https://www.youtube.com/watch?v=nfR0Gh5Jd-U,2024-02-04 17:17:26,0.0922,64597.0000,0.0927,700409,64597,0,306,64903,45458645327
Bad timing 😔😔😔,https://www.youtube.com/watch?v=_ngVhK7NOZ4,2024-02-09 11:01:38,0.0925,403877.0000,0.0926,4365515,403877,0,446,404323,1765078121345
Cooking 😂😂,https://www.youtube.com/watch?v=WkLA2colnQ4,2023-12-08 11:00:33,0.0924,57209.0000,0.0926,619431,57209,0,149,57358,35529323298
JE DÉFIE DAVID LAFARGE POKÉMON À LA SALLE DE SPORT !,https://www.youtube.com/watch?v=UVl5OJbm7X8,2021-06-08 16:08:23,0.0894,51985.0000,0.0925,581404,51985,0,1782,53767,31260348868
School evolution ! 😱😱,https://www.youtube.com/watch?v=OKp2j1ET3n8,2024-08-26 09:58:01,0.0920,194767.0000,0.0924,2116061,194767,0,795,195562,413821121282
Bad day !! 😔😔,https://www.youtube.com/watch?v=_OzCPleYTl4,2024-09-05 15:39:14,0.0919,27899.0000,0.0923,303564,27899,0,134,28033,8509809612
Magic door 😂😂,https://www.youtube.com/watch?v=vUjdIvy1Oxw,2024-01-09 11:02:07,0.0918,251742.0000,0.0922,2743153,251742,0,1093,252835,693565088755
Je critique l'entrainement de l'équipe de France ! (EURO 2020),https://www.youtube.com/watch?v=ftWisAaokdE,2021-06-18 16:02:50,0.0896,123354.0000,0.0922,1376635,123354,0,3515,126869,174652305815
The day after Leg day !! 😂😂,https://www.youtube.com/watch?v=pGVE58goeJU,2024-08-05 16:29:30,0.0918,148751.0000,0.0921,1621158,148751,0,567,149318,242068070244
Calm before the storm ! 😱,https://www.youtube.com/watch?v=rvr5YcqlfVM,2024-02-27 18:26:36,0.0918,54615.0000,0.0921,594690,54615,0,158,54773,32572955370
Home vs Gym Workout !! 😱😱,https://www.youtube.com/watch?v=Lq2UVw-lnhg,2024-04-14 18:40:03,0.0916,92831.0000,0.0919,1013826,92831,0,294,93125,94412546250
How to Build bigger chest at home !! 🔥,https://www.youtube.com/watch?v=pCs8fA0D_XM,2025-02-16 10:08:49,0.0910,6937.0000,0.0918,76198,6937,0,56,6993,532852614
Patience is key ! 🙏,https://www.youtube.com/watch?v=ySqQ5a5EDS4,2024-08-24 11:41:25,0.0913,51285.0000,0.0917,561421,51285,0,208,51493,28909251553
JE DEVIENS PRÊTRE !! (pendant 24h),https://www.youtube.com/watch?v=-cxeGMV-PhM,2020-12-22 17:00:28,0.0866,123599.0000,0.0917,1426836,123599,0,7187,130786,186610173096
Best home workout !! 💪,https://www.youtube.com/watch?v=LSpgIw0CFq4,2025-02-16 11:11:57,0.0914,9429.0000,0.0916,103189,9429,0,24,9453,975445617
Cat nightmare !! 😱😱,https://www.youtube.com/watch?v=RrzMB_sHwtk,2025-01-11 13:02:41,0.0911,10782.0000,0.0916,118394,10782,0,61,10843,1283746142
Tibo InShape réagit au masculinisme..,https://www.youtube.com/watch?v=kkqvEDLxrm8,2025-07-25 16:02:35,0.0754,19014.0000,0.0916,252324,19014,0,4087,23101,5828936724
Gym vs Home !! 🙏,https://www.youtube.com/watch?v=zh5C6D9vo6M,2024-02-25 13:08:39,0.0912,107895.0000,0.0915,1182527,107895,0,322,108217,127969524359
When you miss the gym for 2 days !! 😂😂,https://www.youtube.com/watch?v=UjuPiA7KjTs,2024-09-03 11:53:24,0.0911,64643.0000,0.0915,709321,64643,0,258,64901,46035642221
Day 53/365 challenge one more push-up everyday during 1 year ! 🔥,https://www.youtube.com/watch?v=pGT4vBZepdk,2025-02-22 17:51:24,0.0876,4883.0000,0.0915,55749,4883,0,217,5100,284319900
Kill the boy and let the man be born ! 🙏,https://www.youtube.com/watch?v=ZORjyfeu3Lc,2024-10-04 11:51:18,0.0903,12779.0000,0.0915,141539,12779,0,168,12947,1832505433
I'm waiting !! 😂😂😂,https://www.youtube.com/watch?v=pCnGaiQ4Myc,2024-04-04 14:48:09,0.0912,30848.0000,0.0915,338145,30848,0,83,30931,10459162995
30 millions subscribers soon ?? 🙏,https://www.youtube.com/watch?v=ynAOC7lSgKw,2024-10-06 17:30:10,0.0909,38586.0000,0.0915,424681,38586,0,260,38846,16497158126
Day 58/365 one more push-up everyday during 1 year ! 🔥,https://www.youtube.com/watch?v=cUU05Bo7DTk,2025-02-27 19:16:16,0.0901,5942.0000,0.0915,65957,5942,0,90,6032,397852624
The best full body Dumbbell workout !! 🔥,https://www.youtube.com/watch?v=2OqoXJeNANs,2025-02-11 12:21:48,0.0903,6267.0000,0.0914,69437,6267,0,82,6349,440855513
Lose belly fat in 7 days challenge ! 🔥,https://www.youtube.com/watch?v=Zfc0frQ1UaA,2024-10-21 12:56:03,0.0908,12529.0000,0.0914,137968,12529,0,75,12604,1738948672
Social anxiety !! 😂😂,https://www.youtube.com/watch?v=NL8nowRWfWg,2024-04-18 14:22:52,0.0907,38163.0000,0.0913,420565,38163,0,255,38418,16157266170
Too late ! 😔😔,https://www.youtube.com/watch?v=-SvMpHYTgK4,2024-02-27 15:58:40,0.0909,1679428.0000,0.0913,18483901,1679428,0,8709,1688137,31203357182437
How to carry dumbbell ! 😂😂,https://www.youtube.com/watch?v=SQFPxsCb9n0,2024-09-06 13:39:14,0.0908,43666.0000,0.0913,481117,43666,0,254,43920,21130658640
It's not over !! 🙏,https://www.youtube.com/watch?v=2NvWpKGxR0U,2024-10-09 13:11:50,0.0906,13445.0000,0.0912,148319,13445,0,85,13530,2006756070
Push-up with no legs ! 😱,https://www.youtube.com/watch?v=r015BokRAic,2025-03-03 14:11:08,0.0906,16198.0000,0.0912,178816,16198,0,114,16312,2916846592
It's my birthday today !! 🎂,https://www.youtube.com/watch?v=bXZ_itSmIcc,2025-01-19 10:54:03,0.0844,19135.0000,0.0910,226724,19135,0,1505,20640,4679583360
Je ne mérite pas..,https://www.youtube.com/watch?v=PIGPG8QICgU,2024-01-26 17:00:21,0.0865,75886.0000,0.0910,877760,75886,0,3956,79842,70082113920
Perfect abs workout at home !! 🙏,https://www.youtube.com/watch?v=WBJcdoixXRU,2025-01-20 11:18:46,0.0905,14665.0000,0.0909,162054,14665,0,70,14735,2387865690
Day 75/365 One more push-up everyday during 1 year ! 🔥,https://www.youtube.com/watch?v=V91THIOBM4g,2025-03-16 18:56:47,0.0855,4929.0000,0.0908,57652,4929,0,307,5236,301865872
Help me !! 😱😱😱,https://www.youtube.com/watch?v=RDN8xHO-TPw,2024-02-19 17:02:50,0.0906,1255239.0000,0.0907,13854517,1255239,0,1104,1256343,17406025451331
Fix your posture ! 😱😱😱,https://www.youtube.com/watch?v=JZaTX6cfb-8,2024-03-19 14:37:35,0.0903,134833.0000,0.0907,1492758,134833,0,511,135344,202035838752
Day 69/365 one more push-up everyday during 1 year ! 🔥,https://www.youtube.com/watch?v=35yRSSPjQOQ,2025-03-10 17:01:25,0.0873,8969.0000,0.0903,102783,8969,0,315,9284,954237372
Never skip leg day !! 😱😱,https://www.youtube.com/watch?v=72tAk3jFb6Y,2024-09-28 12:08:52,0.0897,31358.0000,0.0902,349611,31358,0,175,31533,11024283663
Get abs in two weeks !! 😱😱,https://www.youtube.com/watch?v=9vZqJVd6SeE,2024-04-27 13:11:12,0.0899,37896.0000,0.0902,421603,37896,0,129,38025,16031454075
Trust the process ! 🙏🙏,https://www.youtube.com/watch?v=NRxZ-qVhIlc,2024-06-24 15:48:19,0.0899,133292.0000,0.0902,1482452,133292,0,397,133689,198187525428
Superman push-up tutorial !! 😱😱,https://www.youtube.com/watch?v=vvqVE_3uXj8,2024-11-12 11:10:07,0.0897,7880.0000,0.0901,87824,7880,0,37,7917,695302608
Day 26/365 push-up challenge ! 🔥,https://www.youtube.com/watch?v=CjcMW_IlR2w,2025-01-26 16:27:16,0.0878,9703.0000,0.0901,110528,9703,0,257,9960,1100858880
Day 56/365 one more push-up everyday during 1 year !! 😱,https://www.youtube.com/watch?v=Agx7zmRwP6w,2025-02-25 18:08:19,0.0891,10098.0000,0.0900,113301,10098,0,98,10196,1155216996
Hook grip !! 😱😱,https://www.youtube.com/watch?v=gJWA10c3FVE,2024-09-10 14:18:18,0.0898,67243.0000,0.0900,748770,67243,0,114,67357,50434900890
Stop bullying ! 😔,https://www.youtube.com/watch?v=VxOA2WG2mek,2024-06-09 16:23:40,0.0895,26799.0000,0.0899,299394,26799,0,124,26923,8060584662
Oops ! 😱😱 @jujufitcats,https://www.youtube.com/watch?v=My7Mu9AGRVQ,2023-12-01 19:00:10,0.0898,747362.0000,0.0899,8321754,747362,0,857,748219,6226494456126
Dumbell challenge !! 😂😂,https://www.youtube.com/watch?v=S30Xtx0SqLA,2024-02-29 17:14:18,0.0895,134855.0000,0.0899,1507009,134855,0,564,135419,204077651771
Revenge !! 😈,https://www.youtube.com/watch?v=DvdsPhu3scg,2024-08-07 17:48:03,0.0890,53951.0000,0.0898,605861,53951,0,462,54413,32966714593
Je ne suis pas parfait,https://www.youtube.com/watch?v=Tp2v1KlMIpM,2024-02-02 17:00:08,0.0831,41307.0000,0.0898,497358,41307,0,3350,44657,22210516206
The perfect push up ! 😱,https://www.youtube.com/watch?v=TYWWeAPXFQk,2024-03-18 10:00:30,0.0894,21869.0000,0.0897,244518,21869,0,72,21941,5364969438
Turn it off !! 🙏,https://www.youtube.com/watch?v=fwopwVXnpW8,2024-10-09 11:07:18,0.0891,13756.0000,0.0897,154339,13756,0,93,13849,2137440811
SURVIVRE À -110°C !!,https://www.youtube.com/watch?v=DAvyCUUkizE,2016-12-10 17:00:02,0.0879,308570.0000,0.0897,3509895,308570,0,6360,314930,1105371232350
Stop drinking Monster energy drink ￼!! 🙏,https://www.youtube.com/watch?v=IBu6zRnddU0,2025-01-19 15:01:52,0.0890,39692.0000,0.0897,446004,39692,0,318,40010,17844620040
When your headphones die during workout !! 😂😂,https://www.youtube.com/watch?v=_P5S6SIM4m8,2024-10-23 11:27:32,0.0895,29293.0000,0.0897,327428,29293,0,74,29367,9615578076
99 problems !! 😔😔,https://www.youtube.com/watch?v=dm3I_Y28Cjc,2024-07-02 16:30:40,0.0891,22885.0000,0.0897,256749,22885,0,142,23027,5912159223
Alarm ⏰😂,https://www.youtube.com/watch?v=xcVpCR8kz7U,2023-11-14 15:35:05,0.0892,102236.0000,0.0897,1146623,102236,0,571,102807,117880870761
Picture of my girlfriend !! ❤️,https://www.youtube.com/watch?v=Q7UU1Yrbwlc,2024-08-09 11:24:56,0.0893,82292.0000,0.0896,921701,82292,0,321,82613,76144484713
Get abs in 2 weeks !! 😱,https://www.youtube.com/watch?v=c2TOb9eYQV0,2024-09-14 12:41:46,0.0891,12737.0000,0.0896,142937,12737,0,73,12810,1831022970
Gym crush 😂😂 @jujufitcats,https://www.youtube.com/watch?v=SE2qVv1F0wU,2024-03-15 16:08:48,0.0895,633582.0000,0.0896,7082404,633582,0,992,634574,4494309435896
ON ESSAYE 5000€ D'OBJETS BIZARRES !! (avec Jojol),https://www.youtube.com/watch?v=o8aHH9AFnKI,2021-05-14 16:00:03,0.0881,52057.0000,0.0896,590620,52057,0,845,52902,31244979240
Beginner Abs workout at home !! 😱😱,https://www.youtube.com/watch?v=C5TAkhrTZpA,2024-07-22 08:47:31,0.0890,24360.0000,0.0895,273855,24360,0,161,24521,6715198455
Jumping challenge !! 😱😱,https://www.youtube.com/watch?v=NjGpJV1IbEI,2024-02-26 18:35:32,0.0892,77277.0000,0.0895,866003,77277,0,247,77524,67136016572
Time to lose weight ! 😂😂😂,https://www.youtube.com/watch?v=FLF1vYA_HLI,2024-02-03 16:07:14,0.0893,60484.0000,0.0895,677489,60484,0,151,60635,41079545515
I'm Harry Potter !! 😂😂😂,https://www.youtube.com/watch?v=Bfb9e7pfT9E,2024-02-07 10:32:13,0.0887,22625.0000,0.0895,255041,22625,0,200,22825,5821310825
Youtube gift 😱😱,https://www.youtube.com/watch?v=siFmSsz931A,2024-01-14 10:26:38,0.0889,33662.0000,0.0895,378557,33662,0,214,33876,12823996932
Be your own motivation !! 🙏,https://www.youtube.com/watch?v=LnvSbqyIlic,2024-05-28 16:04:22,0.0891,37856.0000,0.0895,424948,37856,0,166,38022,16157372856
iPhone 14 vs iPhone 15 charger !! 😂😂,https://www.youtube.com/watch?v=TAzM3yskVXM,2024-07-15 17:58:47,0.0891,40851.0000,0.0895,458488,40851,0,170,41021,18807636248
Misunderstanding ! 😱😱,https://www.youtube.com/watch?v=ZDoNa5WbqmI,2024-09-04 15:39:36,0.0891,35926.0000,0.0895,403075,35926,0,132,36058,14534078350
Youtube play button secret !! 😱😱,https://www.youtube.com/watch?v=UpHLxUmpxbs,2024-10-10 10:35:09,0.0890,16774.0000,0.0894,188553,16774,0,77,16851,3177306603
Day 21/365 push-up challenge !! 🙏,https://www.youtube.com/watch?v=koUDs2QN-o8,2025-01-21 16:11:12,0.0888,11700.0000,0.0894,131750,11700,0,74,11774,1551224500
Day 11/365 push-ups challenge !! 😱,https://www.youtube.com/watch?v=hyj1y3gJ8f4,2025-01-11 11:36:40,0.0889,22284.0000,0.0893,250680,22284,0,110,22394,5613727920
I'm hungry !! 😂😂,https://www.youtube.com/watch?v=TQgr5zgKgMw,2024-03-03 10:11:21,0.0890,58655.0000,0.0892,659083,58655,0,143,58798,38752762234
Never skip brain day ! 😂,https://www.youtube.com/watch?v=3hvpYqOkskc,2024-11-10 16:25:31,0.0886,9868.0000,0.0892,111356,9868,0,65,9933,1106099148
Be careful ! 😱,https://www.youtube.com/watch?v=2SqQ5G_Tncg,2025-01-23 17:02:01,0.0884,6956.0000,0.0889,78655,6956,0,39,6995,550191725
School corruption 😂😂,https://www.youtube.com/watch?v=6ykWF-P1pmU,2023-12-21 15:50:32,0.0887,791136.0000,0.0889,8919362,791136,0,1503,792639,7069834176318
Expectation VS Reality ! 😂,https://www.youtube.com/watch?v=FP_G47ryPtE,2024-08-18 10:38:40,0.0882,187411.0000,0.0888,2123701,187411,0,1236,188647,400629822547
Misunderstood !! 😂😂,https://www.youtube.com/watch?v=Ktl9gt0XdiE,2024-11-16 15:29:28,0.0885,18274.0000,0.0888,206373,18274,0,56,18330,3782817090
Bad day !! 😔😔,https://www.youtube.com/watch?v=zvv5811qEqs,2024-07-31 09:46:06,0.0885,212205.0000,0.0888,2397476,212205,0,707,212912,510451410112
99 problems ! 😔😔,https://www.youtube.com/watch?v=7shs6rKtcbE,2024-11-09 14:08:32,0.0883,62625.0000,0.0888,708990,62625,0,299,62924,44612486760
Day 73/365 one more push-up everyday during 1 year ! 🔥,https://www.youtube.com/watch?v=WVxEeRz8Ed8,2025-03-14 17:43:24,0.0852,4436.0000,0.0887,52053,4436,0,183,4619,240432807
I’m the best driver !! 😱😱,https://www.youtube.com/watch?v=k9GGwWg2cag,2024-05-08 16:16:38,0.0884,81872.0000,0.0887,926246,81872,0,300,82172,76111486312
Cooking !! 😂😂,https://www.youtube.com/watch?v=xxfhOsUK3es,2024-03-24 11:52:04,0.0881,37739.0000,0.0887,428204,37739,0,242,37981,16263616124
Day 42/365 one more push-up everyday during 1 year ! 🔥,https://www.youtube.com/watch?v=pH7B0Se-TKM,2025-02-11 17:39:48,0.0880,17335.0000,0.0887,196987,17335,0,134,17469,3441165903
LES SPORTS LES PLUS MALAISANT AU MONDE !,https://www.youtube.com/watch?v=zX6W8untzck,2021-10-05 16:41:33,0.0868,42751.0000,0.0886,492730,42751,0,919,43670,21517519100
No excuses !! 👏👏,https://www.youtube.com/watch?v=zxPky5hIWWA,2024-12-31 11:24:39,0.0882,15004.0000,0.0886,170059,15004,0,58,15062,2561428658
Day 70/365 one more push-up everyday during 1 year !! 🔥,https://www.youtube.com/watch?v=jH-qeNvXBRw,2025-03-11 20:15:37,0.0856,4609.0000,0.0885,53819,4609,0,156,4765,256447535
French flag !! 😂😂,https://www.youtube.com/watch?v=zeLFMk0Hah4,2024-11-22 14:50:48,0.0863,7618.0000,0.0884,88291,7618,0,184,7802,688846382
La France vue par les étrangers 🇫🇷,https://www.youtube.com/watch?v=0Al-HO_L_Bc,2022-10-26 08:00:00,0.0780,60695.0000,0.0884,777972,60695,0,8044,68739,53477017308
360 trend 😂😂😂,https://www.youtube.com/watch?v=sIpD8BXQyfw,2024-01-25 17:22:08,0.0881,269804.0000,0.0883,3060822,269804,0,434,270238,827150415636
Trust the process !! 🙏,https://www.youtube.com/watch?v=wUYsDgwaDE8,2024-07-25 16:22:20,0.0877,70752.0000,0.0882,806733,70752,0,440,71192,57432935736
Who is the best ?? 😱,https://www.youtube.com/watch?v=qE4wdSfMEw8,2024-10-12 15:15:03,0.0848,92683.0000,0.0881,1093437,92683,0,3689,96372,105376710564
Perfect chest pose !! 😱😱,https://www.youtube.com/watch?v=G-vBzzRuND4,2024-11-19 13:22:03,0.0881,496461.0000,0.0881,5637094,496461,0,329,496790,2800451928260
Battery level !! 😱😱,https://www.youtube.com/watch?v=52Yd9ROb-yY,2024-06-12 14:16:24,0.0877,82655.0000,0.0881,942339,82655,0,360,83015,78228272085
Leave your ego at the door 😂😂,https://www.youtube.com/watch?v=kYaDTxt0pKs,2023-12-31 17:40:13,0.0879,61920.0000,0.0880,704668,61920,0,122,62042,43719012056
Heartbroken level !! 💔,https://www.youtube.com/watch?v=T3KrEQZBoPc,2024-05-14 15:29:52,0.0872,77096.0000,0.0880,884431,77096,0,728,77824,68829958144
Bench press gone wrong !! 😱😱,https://www.youtube.com/watch?v=8WDiidvuL9w,2024-09-12 14:04:14,0.0876,97232.0000,0.0880,1110501,97232,0,475,97707,108503721207
School nightmare !! 😱😱,https://www.youtube.com/watch?v=Cay_v-ZGTuw,2024-09-03 17:32:42,0.0873,12894.0000,0.0879,147761,12894,0,99,12993,1919858673
New year’s résolutions !! 😂😂,https://www.youtube.com/watch?v=yM9dsbs5iB8,2025-02-07 13:57:48,0.0874,8747.0000,0.0878,100035,8747,0,37,8784,878707440
Sad fitness evolution ! 😔,https://www.youtube.com/watch?v=ILSS2BW3eAE,2024-08-21 14:20:02,0.0870,39250.0000,0.0877,451037,39250,0,315,39565,17845278905
When you are too poor to travel ! 😂😂,https://www.youtube.com/watch?v=bJnS10v0wZw,2024-04-07 08:42:34,0.0872,8516.0000,0.0877,97712,8516,0,53,8569,837294128
I'm stronger !! 😱,https://www.youtube.com/watch?v=W6niOMoppzM,2024-04-15 16:36:16,0.0875,116528.0000,0.0877,1332271,116528,0,294,116822,155638562762
Starting my own home gym ! 😂😂,https://www.youtube.com/watch?v=Cxjm4PEQUgw,2024-03-27 17:00:10,0.0871,16521.0000,0.0876,189610,16521,0,97,16618,3150938980
Day 35/365 push-up challenge !! 🔥,https://www.youtube.com/watch?v=h-hfc4yz2oI,2025-02-04 17:52:44,0.0867,11677.0000,0.0876,134637,11677,0,114,11791,1587504867
Day 4/365 push-up challenge 🔥,https://www.youtube.com/watch?v=Dw86nw8h-Ok,2025-01-04 11:05:40,0.0867,12539.0000,0.0876,144542,12539,0,118,12657,1829468094
Resistance band home workout !! 🙏,https://www.youtube.com/watch?v=OyNU4wY0M4E,2024-09-18 14:58:11,0.0872,15677.0000,0.0875,179800,15677,0,55,15732,2828613600
In love ? 😂😂,https://www.youtube.com/watch?v=kuYQwkKurZc,2024-05-14 10:35:21,0.0865,231615.0000,0.0875,2676518,231615,0,2538,234153,626714719254
Cat motivation !! 😱😱,https://www.youtube.com/watch?v=2pnyUmxm3ZA,2024-09-23 10:01:49,0.0864,225215.0000,0.0874,2605749,225215,0,2533,227748,593454123252
New fear !! 😱😱,https://www.youtube.com/watch?v=jXjUPACNYa4,2025-01-17 15:28:57,0.0867,7133.0000,0.0874,82231,7133,0,53,7186,590911966
Push up level ! 😱,https://www.youtube.com/watch?v=H9AJuDTMDz0,2024-03-22 15:00:51,0.0872,115117.0000,0.0874,1320701,115117,0,257,115374,152374557174
We were all beginners at first !! 🙏,https://www.youtube.com/watch?v=VH76E8QBMag,2024-09-06 11:54:07,0.0869,44499.0000,0.0873,512218,44499,0,196,44695,22893583510
Now I understand !! 😂,https://www.youtube.com/watch?v=og7lyZNiSlo,2024-08-30 10:14:07,0.0871,562315.0000,0.0872,6455767,562315,0,566,562881,3633828584727
Amazing gift from YouTube !! 😱😱,https://www.youtube.com/watch?v=vLp_0doR8rc,2025-02-01 15:19:28,0.0865,16367.0000,0.0871,189287,16367,0,128,16495,3122289065
Never throw away Eggshells !! 😱😱,https://www.youtube.com/watch?v=mMFshhiL2iI,2024-11-20 14:24:25,0.0868,182355.0000,0.0871,2100047,182355,0,613,182968,384241399496
Catch the YouTube Play button ! 😱,https://www.youtube.com/watch?v=eOwAxzlh1-I,2024-06-27 15:23:18,0.0867,23543.0000,0.0871,271605,23543,0,119,23662,6426717510
JE LANCE MA MARQUE DE SPORT !,https://www.youtube.com/watch?v=a9ske3267ww,2021-04-23 16:03:25,0.0824,33123.0000,0.0871,401869,33123,0,1887,35010,14069433690
Strong girl !! 👏👏,https://www.youtube.com/watch?v=9PknKLptKA0,2025-01-27 12:57:44,0.0867,24007.0000,0.0871,276977,24007,0,111,24118,6680131286
Good bye !! 😔,https://www.youtube.com/watch?v=nqKe894MDwM,2024-05-31 16:38:51,0.0868,189572.0000,0.0871,2184835,189572,0,648,190220,415599313700
Fake abs !! 😡😡,https://www.youtube.com/watch?v=IYbRu_TdBGE,2024-03-13 16:12:52,0.0867,213953.0000,0.0871,2466716,213953,0,805,214758,529746994728
Day 13/365 push-up challenge with gendarmerie nationale !! 🇫🇷,https://www.youtube.com/watch?v=kfCOwjuqeTg,2025-01-13 11:35:15,0.0864,19321.0000,0.0871,223725,19321,0,155,19476,4357268100
Fitness influencer be like ! 😂😂,https://www.youtube.com/watch?v=hCG5yWddqlk,2024-09-06 14:27:08,0.0866,36259.0000,0.0870,418553,36259,0,139,36398,15234492094
Easy flat belly workout at home !! 😱🔥,https://www.youtube.com/watch?v=NoCNqJQcNXw,2024-12-22 10:52:00,0.0866,11619.0000,0.0869,134145,11619,0,36,11655,1563459975
Good form VS Bad form !! 😱😱,https://www.youtube.com/watch?v=bGoJci3QaU4,2024-10-30 11:36:34,0.0865,20910.0000,0.0869,241806,20910,0,96,21006,5079376836
45+45 = ?,https://www.youtube.com/watch?v=a6-jlspVbGc,2023-12-30 18:31:53,0.0845,194948.0000,0.0868,2307843,194948,0,5468,200416,462528662688
Cute cat ♥️♥️,https://www.youtube.com/watch?v=7fvNEgPIxDk,2024-01-04 11:02:08,0.0860,19209.0000,0.0868,223422,19209,0,186,19395,4333269690
Gym 😂,https://www.youtube.com/watch?v=rwTSNujjkTE,2023-11-05 15:00:48,0.0866,51293.0000,0.0868,592233,51293,0,117,51410,30446698530
new exercise ?? 😱😱 @AntoineDelp,https://www.youtube.com/watch?v=sUWOQxAoaIY,2024-06-20 10:50:55,0.0860,18421.0000,0.0868,214191,18421,0,167,18588,3981382308
I'm loosing subscribers !! 😱😱,https://www.youtube.com/watch?v=nLi1AAdkWUQ,2024-09-11 14:38:54,0.0863,31149.0000,0.0868,360908,31149,0,161,31310,11300029480
Take the stairs !! 🙏,https://www.youtube.com/watch?v=YHjiI4nsEpo,2024-07-23 08:49:20,0.0856,46563.0000,0.0867,543950,46563,0,622,47185,25666280750
Home VS Gym !! 😱😱,https://www.youtube.com/watch?v=czMRA9q1R0E,2024-11-26 15:18:06,0.0865,21180.0000,0.0867,244839,21180,0,49,21229,5197687131
Kid nig